VAR1,VAR2,VAR3,VAR4,VAR5,VAR6,VAR7,VAR8,VAR9,VAR10,VAR11,VAR12,VAR13,VAR14,VAR15,VAR16,VAR17,VAR18,VAR19,VAR20,VAR21,VAR22,VAR23,VAR24,VAR25,VAR26,VAR27,VAR28,VAR29,VAR30,VAR31,VAR32,VAR33,VAR34,VAR35,VAR36
6,0,2,1,0,1,1,1,0,0,1,1,0,2,2,0,0,0,1,1,3,1,1,1,0,0,0,0,4,0,0,0,0,0,0,1
4,0,2,1,0,2,0,2,1,1,1,1,0,2,2,0,0,0,1,0,3,1,1,1,0,0,0,0,4,0,0,0,0,0,0,1
3,0,2,1,0,1,0,2,1,2,1,1,0,2,2,0,0,0,1,0,3,0,1,1,0,0,0,0,4,0,0,0,0,0,0,1
3,0,2,1,0,1,0,2,0,1,1,1,0,2,2,0,0,0,1,0,3,0,1,1,0,0,0,0,4,0,0,0,0,0,0,1
6,0,2,1,0,2,0,1,0,2,1,1,0,2,2,0,0,0,1,0,3,1,1,1,0,0,0,0,4,0,0,0,0,0,0,1
5,0,2,1,0,3,0,1,0,1,1,1,0,2,2,0,0,0,1,0,3,0,1,1,0,0,0,0,4,0,0,0,0,0,0,1
5,0,2,1,0,2,0,1,1,0,1,1,0,2,2,0,0,0,1,1,3,1,1,1,0,0,0,0,4,0,0,0,0,0,0,1
4,0,2,1,1,1,0,1,0,2,1,1,0,2,2,0,0,0,1,0,3,1,1,1,0,0,0,0,4,0,0,0,0,0,0,1
6,0,2,1,0,3,0,1,1,1,1,1,0,2,2,0,0,0,1,0,3,1,1,1,0,0,0,0,4,0,0,0,0,0,0,1
4,0,2,1,0,2,0,2,0,2,1,1,0,2,2,0,0,0,1,0,3,1,1,1,0,0,0,0,4,0,0,0,0,0,0,1
6,0,0,2,0,1,3,1,1,0,1,1,0,2,2,0,0,0,1,0,0,3,0,0,0,2,1,0,4,0,0,0,0,0,0,2
4,0,0,1,1,1,3,1,1,1,1,1,0,2,2,0,0,0,1,1,0,3,0,0,0,2,1,0,4,0,0,0,0,0,0,2
3,0,0,1,0,1,2,1,0,0,1,1,0,2,2,0,0,0,1,0,0,3,0,0,0,2,1,0,4,0,0,0,0,0,0,2
6,0,0,1,1,3,3,1,1,0,1,1,0,2,2,0,0,0,1,0,0,3,0,0,0,2,1,0,4,0,0,0,0,0,0,2
6,0,0,2,0,1,3,1,1,1,1,1,0,2,2,0,0,0,1,0,0,3,0,0,0,2,1,0,4,0,0,0,0,0,0,2
5,0,0,2,1,3,3,1,1,2,1,1,0,2,2,0,0,0,1,0,0,3,0,0,0,2,1,0,4,0,0,0,0,0,0,2
6,0,0,2,1,0,2,1,0,0,1,1,0,2,2,0,0,0,1,1,0,3,0,0,0,2,1,0,4,0,0,0,0,0,0,2
4,0,0,1,0,2,2,1,0,1,1,1,0,2,2,0,0,0,1,0,0,3,0,0,0,2,1,0,4,0,0,0,0,0,0,2
3,0,0,2,0,2,2,1,0,2,1,1,0,2,2,0,0,0,1,0,0,3,0,0,0,2,1,0,4,0,0,0,0,0,0,2
5,0,0,2,1,2,2,1,0,2,1,1,0,2,2,0,0,0,1,0,0,3,0,0,0,2,1,0,4,0,0,0,0,0,0,2
1,1,2,0,0,2,1,2,0,2,1,0,0,2,2,0,0,0,1,0,1,1,0,1,1,0,0,3,4,0,0,0,0,0,0,3
1,1,2,0,0,1,1,2,0,1,1,0,0,2,2,0,0,0,1,0,1,1,0,1,0,0,0,3,4,0,0,0,0,0,0,3
3,0,2,0,1,3,1,2,0,1,1,0,0,2,2,0,0,0,1,1,1,1,0,1,1,0,0,3,4,0,0,0,0,0,0,3
0,1,2,0,0,0,1,1,1,2,1,0,0,2,2,0,0,0,1,0,1,1,0,1,0,0,0,3,4,0,0,0,0,0,0,3
0,1,2,0,0,1,1,2,1,2,1,0,0,2,2,0,0,0,1,0,1,1,0,1,0,0,0,3,4,0,0,0,0,0,0,3
1,1,2,0,0,3,1,2,0,2,1,0,0,2,2,0,0,0,1,0,1,1,0,1,0,0,0,3,4,0,0,0,0,0,0,3
1,1,2,0,0,0,1,1,0,1,1,0,0,2,2,0,0,0,1,0,1,1,0,1,0,0,0,3,4,0,0,0,0,0,0,3
2,1,2,0,0,2,1,1,0,1,1,0,0,2,2,0,0,0,1,0,1,1,0,1,0,0,0,3,4,0,0,0,0,0,0,3
1,1,2,0,0,1,1,2,0,2,1,0,0,2,2,0,0,0,1,0,1,1,0,1,0,0,0,3,4,0,0,0,0,0,0,3
2,1,2,0,0,1,1,2,0,2,1,0,0,2,2,0,0,0,1,0,1,1,0,1,0,0,0,3,4,0,0,0,0,0,0,3
0,1,2,1,1,1,1,1,0,0,1,1,0,2,2,0,0,0,1,0,1,2,0,1,0,0,0,3,4,0,0,0,0,0,0,4
1,1,2,1,999,3,1,999,999,999,1,1,0,2,2,0,0,0,1,999,2,2,999,0,0,0,0,999,999,999,999,999,999,999,1,4
2,1,2,2,999,2,1,999,999,999,1,1,999,999,999,999,999,999,1,999,3,2,999,0,0,0,0,999,999,999,999,999,999,999,1,4
1,1,2,0,0,2,1,2,1,1,1,1,0,2,2,0,0,0,1,0,2,2,0,0,0,0,0,3,4,0,0,0,0,0,0,4
2,1,2,2,999,2,1,999,999,999,1,1,999,999,999,999,999,999,1,999,2,2,999,0,0,0,0,999,999,999,999,999,999,999,1,4
3,1,2,1,999,2,1,999,999,999,1,1,999,999,999,999,999,999,1,999,3,2,999,0,0,0,0,999,999,999,999,999,999,999,1,4
0,1,1,1,0,1,1,1,0,0,1,1,0,2,2,0,0,0,1,0,1,2,0,0,0,0,0,3,4,0,0,0,0,0,0,4
3,1,2,0,0,2,1,2,1,1,1,1,0,2,2,0,0,0,1,0,2,2,0,0,0,0,0,3,4,0,0,0,0,0,0,4
2,1,1,1,999,0,1,999,999,999,1,1,0,2,2,0,0,0,1,999,2,2,999,0,0,0,0,999,999,999,999,999,999,999,1,4
2,1,2,0,0,1,1,2,0,1,1,1,0,2,2,0,0,0,1,0,1,2,0,0,0,0,0,3,4,0,0,0,0,0,0,4
2,1,2,1,999,1,1,999,999,999,1,1,0,2,2,0,0,0,1,999,2,2,999,0,0,0,0,999,999,999,999,999,999,999,1,4
1,1,2,1,999,1,1,999,999,999,1,1,999,999,999,999,999,999,1,999,1,2,999,0,0,0,0,999,999,999,999,999,999,999,1,4
0,1,2,1,0,3,1,1,0,0,1,1,0,2,2,0,0,0,1,0,1,2,0,0,0,0,0,3,4,0,0,0,0,0,0,4
0,1,1,1,1,2,1,2,1,0,1,1,0,2,2,0,0,0,1,1,2,2,0,1,0,0,0,3,4,0,0,0,0,0,0,4
3,1,2,0,0,1,1,2,1,0,1,1,0,2,2,0,0,0,1,0,2,2,0,0,0,0,0,3,4,0,0,0,0,0,0,4
2,1,2,2,999,3,1,999,999,999,1,1,999,999,999,999,999,999,1,999,3,2,999,0,0,0,0,999,999,999,999,999,999,999,1,4
0,1,2,1,0,2,1,1,0,1,1,1,0,2,2,0,0,0,1,0,1,2,0,0,0,0,0,3,4,0,0,0,0,0,0,4
2,1,1,2,999,2,1,999,999,999,1,1,0,2,2,0,0,0,1,999,2,2,999,0,0,0,0,999,999,999,999,999,999,999,1,4
2,1,2,1,1,1,1,2,0,2,1,1,0,2,2,0,0,0,1,0,1,2,0,1,0,0,0,3,4,0,0,0,0,0,0,4
0,1,2,1,0,3,1,1,0,2,1,1,0,2,2,0,0,0,1,0,1,2,0,0,0,0,0,3,4,0,0,0,0,0,0,4
1,1,2,1,0,0,1,2,1,1,1,1,0,2,2,0,0,0,1,0,2,2,0,0,0,0,0,3,4,0,0,0,0,0,0,4
1,1,2,1,999,0,1,999,999,999,1,1,0,2,2,0,0,0,1,999,1,2,999,0,0,0,0,999,999,999,999,999,999,999,1,4
3,1,2,1,999,1,1,999,999,999,1,1,999,999,999,999,999,999,1,999,3,2,999,0,0,0,0,999,999,999,999,999,999,999,1,4
2,1,2,1,999,1,1,999,999,999,1,1,0,2,2,0,0,0,1,999,3,2,999,0,0,0,0,999,999,999,999,999,999,999,1,4
3,1,2,2,999,2,1,999,999,999,1,1,999,999,999,999,999,999,1,999,2,2,999,0,0,0,0,999,999,999,999,999,999,999,1,4
1,1,2,1,1,3,1,2,0,1,1,1,0,2,2,0,0,0,1,1,1,2,0,1,0,0,0,3,4,0,0,0,0,0,0,4
3,1,1,1,999,3,1,999,999,999,1,1,0,2,2,0,0,0,1,999,2,2,999,0,0,0,0,999,999,999,999,999,999,999,1,4
2,1,2,2,999,1,1,999,999,999,1,1,999,999,999,999,999,999,1,999,2,2,999,0,0,0,0,999,999,999,999,999,999,999,1,4
3,1,1,2,999,2,1,999,999,999,1,1,0,2,2,0,0,0,1,999,2,2,999,0,0,0,0,999,999,999,999,999,999,999,1,4
1,1,2,2,999,1,1,999,999,999,1,1,999,999,999,999,999,999,1,999,1,2,999,0,0,0,0,999,999,999,999,999,999,999,1,4
2,1,2,2,999,3,1,999,999,999,1,1,0,2,2,0,0,0,1,999,2,2,999,0,0,0,0,999,999,999,999,999,999,999,1,4
3,1,1,1,999,0,1,999,999,999,1,1,0,2,2,0,0,0,1,999,3,2,999,0,0,0,0,999,999,999,999,999,999,999,1,4
2,1,2,0,0,1,1,2,0,0,1,1,0,2,2,0,0,0,1,0,1,2,0,0,0,0,0,3,4,0,0,0,0,0,0,4
3,1,1,1,999,1,1,999,999,999,1,1,0,2,2,0,0,0,1,999,3,2,999,0,0,0,0,999,999,999,999,999,999,999,1,4
2,1,2,2,999,1,1,999,999,999,1,1,999,999,999,999,999,999,1,999,1,2,999,0,0,0,0,999,999,999,999,999,999,999,1,4
1,1,2,0,0,0,1,2,1,0,1,1,0,2,2,0,0,0,1,0,2,2,0,0,0,0,0,3,4,0,0,0,0,0,0,4
3,1,2,1,999,2,1,999,999,999,1,1,999,999,999,999,999,999,1,999,2,2,999,0,0,0,0,999,999,999,999,999,999,999,1,4
3,1,2,1,999,3,1,999,999,999,1,1,999,999,999,999,999,999,1,999,3,2,999,0,0,0,0,999,999,999,999,999,999,999,1,4
3,1,1,0,0,2,1,2,1,2,1,1,0,2,2,0,0,0,1,0,2,2,0,0,0,0,0,3,4,0,0,0,0,0,0,4
3,1,2,2,999,2,1,999,999,999,1,1,999,999,999,999,999,999,1,999,3,2,999,0,0,0,0,999,999,999,999,999,999,999,1,4
4,0,0,1,0,1,3,1,1,2,0,1,0,2,2,0,0,0,1,0,0,0,0,0,0,1,0,0,0,0,0,0,0,0,0,5
4,0,0,1,0,1,3,1,1,2,0,1,0,2,2,0,0,0,1,0,0,0,0,0,0,1,0,0,0,0,0,0,0,0,0,5
3,1,0,0,0,3,0,1,1,2,1,0,0,2,2,0,0,0,1,0,0,3,0,0,0,1,0,0,4,0,0,0,0,0,0,5
5,0,0,2,0,1,3,1,1,2,0,1,0,2,2,0,0,0,1,0,0,0,0,0,0,1,0,0,0,0,0,0,0,0,0,5
5,0,0,2,0,2,3,1,1,1,0,1,0,2,2,0,0,0,1,0,0,0,0,0,0,1,0,0,0,0,0,0,0,0,0,5
4,0,0,1,0,3,2,1,0,1,0,1,0,2,2,0,0,0,1,0,0,0,0,0,0,1,0,0,0,0,0,0,0,0,0,5
5,0,0,1,1,3,3,1,0,2,1,1,2,0,1,0,0,0,1,1,0,3,0,0,0,1,0,0,4,0,0,0,0,0,0,5
6,0,1,1,1,2,0,1,1,0,1,0,0,2,1,0,0,0,1,1,0,3,0,0,0,1,0,0,4,0,0,0,0,0,0,5
5,1,0,0,0,3,2,1,0,0,1,1,0,2,2,0,0,0,1,1,0,3,0,0,0,1,0,0,4,0,0,0,0,0,0,5
5,1,0,1,0,1,3,1,1,0,1,1,2,0,1,0,0,0,1,1,0,3,0,0,0,1,0,0,4,0,0,0,0,0,0,5
4,0,1,0,1,2,3,1,1,2,1,0,0,2,2,0,0,0,1,1,0,3,0,0,0,1,0,0,4,0,0,0,0,0,0,5
4,1,0,0,0,3,2,1,1,1,1,1,2,0,1,0,0,0,1,1,0,3,0,0,0,1,0,0,4,0,0,0,0,0,0,5
4,0,0,1,0,2,0,1,1,0,0,1,0,2,2,0,0,0,1,0,0,0,0,0,0,1,0,0,0,0,0,0,0,0,0,5
3,1,0,0,0,2,0,2,0,1,1,1,2,0,1,0,0,0,1,0,0,3,0,0,0,1,0,0,4,0,0,0,0,0,0,5
5,0,0,1,0,3,2,1,0,1,0,1,0,2,2,0,0,0,1,0,0,0,0,0,0,1,0,0,0,0,0,0,0,0,0,5
4,0,0,1,0,3,3,1,1,0,0,1,0,2,2,0,0,0,1,0,0,0,0,0,0,1,0,0,0,0,0,0,0,0,0,5
4,0,0,1,0,3,2,1,0,2,0,1,0,2,2,0,0,0,1,0,0,0,0,0,0,1,0,0,0,0,0,0,0,0,0,5
4,0,0,1,0,1,2,1,1,2,0,1,0,2,2,0,0,0,1,0,0,0,0,0,0,1,0,0,0,0,0,0,0,0,0,5
4,0,0,1,0,1,2,1,0,0,0,1,0,2,2,0,0,0,1,0,0,0,0,0,0,1,0,0,0,0,0,0,0,0,0,5
3,0,0,1,0,3,2,1,0,0,0,1,0,2,2,0,0,0,1,0,0,0,0,0,0,1,0,0,0,0,0,0,0,0,0,5
5,0,0,1,1,3,3,1,0,1,0,1,0,2,2,0,0,1,0,0,0,0,0,0,0,0,0,0,0,0,0,0,0,0,0,6
6,0,1,0,1,0,0,0,1,2,0,1,0,2,2,0,0,1,0,0,0,0,0,0,0,0,0,0,0,0,0,0,0,0,0,6
1,1,0,1,0,3,3,1,2,0,0,1,0,2,2,0,0,1,0,0,0,0,0,0,0,0,0,0,0,0,0,0,0,0,0,6
6,1,1,0,0,2,2,0,1,2,0,1,0,2,2,0,0,1,0,0,0,0,0,0,0,0,0,0,0,0,0,0,0,0,0,6
4,1,1,0,0,2,2,0,2,0,0,1,0,2,2,0,0,1,0,0,0,0,0,0,0,0,0,0,0,0,0,0,0,0,0,6
6,0,0,1,1,1,1,1,0,2,0,1,0,2,2,0,0,1,0,0,0,0,0,0,0,0,0,0,0,0,0,0,0,0,0,6
2,1,1,0,0,2,2,0,0,1,0,1,0,2,2,0,0,1,0,0,0,0,0,0,0,0,0,0,0,0,0,0,0,0,0,6
6,1,0,1,0,1,1,1,1,2,0,1,0,2,2,0,0,1,0,0,0,0,0,0,0,0,0,0,0,0,0,0,0,0,0,6
5,1,0,1,0,1,1,1,0,1,0,1,0,2,2,0,0,1,0,0,0,0,0,0,0,0,0,0,0,0,0,0,0,0,0,6
1,1,0,1,0,1,1,1,2,0,0,1,0,2,2,0,0,1,0,0,0,0,0,0,0,0,0,0,0,0,0,0,0,0,0,6
6,0,2,0,1,2,1,0,1,2,0,1,2,0,1,0,1,2,0,0,0,0,0,0,0,0,0,0,0,1,1,0,0,0,0,7
2,0,2,1,1,1,1,1,1,2,0,1,2,0,1,0,1,2,0,0,0,0,0,0,0,0,0,0,0,1,1,0,0,0,0,7
1,0,2,1,1,3,2,1,0,1,0,1,1,0,1,0,0,2,0,0,0,0,0,0,0,0,0,0,0,1,1,0,0,0,0,7
4,1,2,2,0,2,2,1,0,1,0,1,1,0,1,0,1,2,0,0,0,0,0,0,0,0,0,0,0,1,1,0,0,0,0,7
1,0,2,0,1,0,0,1,0,1,0,1,1,0,1,0,0,2,0,0,0,0,0,0,0,0,0,0,0,1,1,0,0,0,0,7
2,1,2,0,0,3,0,1,0,1,0,1,1,0,1,0,0,2,0,0,0,0,0,0,0,0,0,0,0,1,1,0,0,0,0,7
2,1,2,1,0,2,0,1,0,1,0,1,2,0,1,0,0,2,0,0,0,0,0,0,0,0,0,0,0,1,1,0,0,0,0,7
4,1,2,2,0,2,1,0,1,2,0,1,1,0,1,0,0,2,0,0,0,0,0,0,0,0,0,0,0,1,1,0,0,0,0,7
4,1,2,0,0,1,2,1,0,1,0,1,2,0,1,0,0,2,0,0,0,0,0,0,0,0,0,0,0,1,1,0,0,0,0,7
5,1,2,1,0,3,2,1,0,1,0,1,1,0,1,0,0,2,0,0,0,0,0,0,0,0,0,0,0,1,1,0,0,0,0,7
1,1,2,2,1,3,3,1,0,2,1,1,2,0,1,0,0,0,0,0,0,0,0,0,0,0,0,0,0,0,0,0,0,0,0,8
2,0,2,1,0,2,3,1,1,1,0,1,2,0,1,0,0,0,0,0,0,0,0,0,0,0,0,0,0,0,0,0,0,0,0,8
2,0,2,1,0,2,3,1,1,0,0,1,2,0,1,1,0,0,0,0,0,0,0,0,0,0,0,0,0,0,0,0,0,0,0,8
2,0,2,1,0,1,0,1,2,0,0,1,2,0,1,1,0,0,0,0,0,0,0,0,0,0,0,0,0,0,0,0,0,0,0,8
1,1,2,2,1,3,3,1,1,1,1,1,2,0,1,0,0,0,0,0,0,0,0,0,0,0,0,0,0,0,0,0,0,0,0,8
1,1,2,1,0,2,3,1,0,2,0,1,2,0,1,1,0,0,0,0,0,0,0,0,0,0,0,0,0,0,0,0,0,0,0,8
0,1,2,2,1,3,3,1,2,1,0,1,2,0,1,0,0,0,0,0,0,0,0,0,0,0,0,0,0,0,0,0,0,0,0,8
2,0,2,1,0,2,3,1,0,0,0,1,2,0,1,1,0,0,0,0,0,0,0,0,0,0,0,0,0,0,0,0,0,0,0,8
1,0,2,1,0,2,3,1,1,1,0,1,2,0,1,1,0,0,0,0,0,0,0,0,0,0,0,0,0,0,0,0,0,0,0,8
2,1,2,1,0,3,3,1,0,2,0,1,2,0,1,1,0,0,0,0,0,0,0,0,0,0,0,0,0,0,0,0,0,0,0,8
5,0,2,1,0,2,2,1,0,1,0,1,2,0,1,0,0,0,1,0,3,1,1,0,0,0,0,0,0,0,0,0,0,0,0,8
1,1,2,1,0,3,3,1,1,2,0,1,2,0,1,1,0,0,0,0,0,0,0,0,0,0,0,0,0,0,0,0,0,0,0,8
1,0,2,1,0,3,3,1,2,0,0,1,2,0,1,1,0,0,0,0,0,0,0,0,0,0,0,0,0,0,0,0,0,0,0,8
4,0,2,1,0,1,3,1,0,0,0,1,2,0,1,1,0,0,1,0,3,1,1,0,0,0,0,0,0,0,0,0,0,0,0,8
1,0,2,1,0,2,3,1,0,1,0,1,2,0,1,1,0,0,0,0,0,0,0,0,0,0,0,0,0,0,0,0,0,0,0,8
4,1,2,1,0,3,3,1,0,2,0,1,2,0,1,0,0,0,1,0,3,1,1,0,0,0,0,0,0,0,0,0,0,0,0,8
2,0,2,1,0,3,3,1,0,0,0,1,2,0,1,1,0,0,0,0,0,0,0,0,0,0,0,0,0,0,0,0,0,0,0,8
0,1,1,1,1,2,2,0,2,1,1,1,2,0,1,0,0,0,0,0,0,0,0,0,0,0,0,0,0,0,0,0,0,0,0,8
1,1,1,1,1,2,0,0,0,2,0,1,2,0,1,0,0,0,0,0,0,0,0,0,0,0,0,0,0,0,0,0,0,0,0,8
1,1,2,1,0,1,0,1,2,2,0,1,2,0,1,1,0,0,0,0,0,0,0,0,0,0,0,0,0,0,0,0,0,0,0,8
1,0,2,1,0,1,3,1,0,0,0,1,2,0,1,0,0,0,1,0,3,1,1,0,0,0,0,0,0,0,0,0,0,0,0,8
2,0,2,1,0,3,3,1,1,1,0,1,2,0,1,1,0,0,0,0,0,0,0,0,0,0,0,0,0,0,0,0,0,0,0,8
3,0,2,1,0,2,3,2,2,1,0,1,2,0,1,0,0,0,1,0,0,3,1,1,0,0,0,0,0,0,0,0,0,0,0,8
2,1,2,2,1,3,1,1,1,0,1,1,2,0,1,0,0,0,0,0,0,0,0,0,0,0,0,0,0,0,0,0,0,0,0,8
1,0,2,1,0,2,3,1,2,0,0,1,2,0,1,1,0,0,0,0,0,0,0,0,0,0,0,0,0,0,0,0,0,0,0,8
1,1,2,1,0,2,3,1,0,2,0,1,2,0,1,1,0,0,0,0,0,0,0,0,0,0,0,0,0,0,0,0,0,0,0,8
5,0,2,1,0,1,3,1,0,0,0,1,2,0,1,1,0,0,1,0,3,1,1,0,0,0,0,0,0,0,0,0,0,0,0,8
4,1,1,1,1,2,2,0,0,2,0,1,2,0,1,0,0,0,1,0,3,1,1,0,0,0,0,0,1,0,0,0,0,0,0,8
3,1,2,1,0,1,3,1,0,2,0,1,2,0,1,1,0,0,1,0,3,1,1,0,0,0,0,0,0,0,0,0,0,0,0,8
1,0,2,1,0,3,3,1,0,0,0,1,2,0,1,0,0,0,0,0,0,0,0,0,0,0,0,0,0,0,0,0,0,0,0,8
4,0,2,1,0,2,3,2,1,1,0,1,2,0,1,0,0,0,1,0,0,3,1,1,0,0,0,0,0,0,0,0,0,0,0,8
2,1,2,1,0,2,3,1,0,2,0,1,2,0,1,0,0,0,0,0,0,0,0,0,0,0,0,0,0,0,0,0,0,0,0,8
2,1,1,1,1,0,0,1,1,0,0,1,2,0,1,0,0,0,0,0,0,0,0,0,0,0,0,0,0,0,0,0,0,0,0,8
3,1,2,1,0,3,1,1,0,2,0,1,2,0,1,0,0,0,1,0,3,1,1,0,0,0,0,0,0,0,0,0,0,0,0,8
3,0,2,1,0,3,3,2,2,0,0,1,2,0,1,0,0,0,1,0,0,3,1,1,0,0,0,0,0,0,0,0,0,0,0,8
2,0,2,1,0,2,2,1,0,1,0,1,2,0,1,0,0,0,1,0,3,1,1,0,0,0,0,0,0,0,0,0,0,0,0,8
3,0,2,1,0,3,1,1,0,0,0,1,2,0,1,1,0,0,0,0,0,0,0,0,0,0,0,0,0,0,0,0,0,0,0,8
3,1,2,1,0,3,1,1,0,2,0,1,2,0,1,1,0,0,1,0,3,1,1,0,0,0,0,0,0,0,0,0,0,0,0,8
2,1,2,1,0,3,3,2,2,2,0,1,2,0,1,1,0,0,0,0,0,0,0,0,0,0,0,0,0,0,0,0,0,0,0,8
5,1,2,1,0,3,3,2,0,2,0,1,2,0,1,0,0,0,1,0,0,3,1,1,0,0,0,0,0,0,0,0,0,0,0,8
5,0,2,1,1,3,3,1,1,0,0,1,2,0,0,1,0,0,0,0,0,0,0,0,0,0,0,0,0,0,0,0,0,0,0,9
4,0,2,2,1,2,3,1,1,1,0,1,2,0,0,1,0,0,0,0,0,0,0,0,0,0,0,0,0,0,0,0,0,0,0,9
2,0,1,1,0,0,0,0,0,0,0,1,1,0,0,0,0,0,0,0,0,0,0,0,0,0,0,0,0,0,0,0,0,0,0,9
3,0,1,1,0,1,2,0,0,0,0,1,1,0,0,1,0,0,0,0,0,0,0,0,0,0,0,0,0,0,0,0,0,0,0,9
3,0,1,1,0,3,2,0,0,0,0,1,1,0,0,1,1,0,0,0,0,0,0,0,0,0,0,0,0,0,0,0,0,0,0,9
3,0,2,1,1,2,1,1,1,0,0,1,2,0,0,1,0,0,0,0,0,0,0,0,0,0,0,0,0,0,0,0,0,0,0,9
3,0,1,1,0,1,0,0,0,1,0,1,1,0,0,1,0,0,0,0,0,0,0,0,0,0,0,0,0,0,0,0,0,0,0,9
4,0,2,1,1,0,3,1,1,1,0,1,2,0,0,1,0,0,0,0,0,0,0,0,0,0,0,0,0,0,0,0,0,0,0,9
2,0,1,1,0,3,1,0,0,0,0,1,1,0,0,1,0,0,0,0,0,0,0,0,0,0,0,0,0,0,0,0,0,0,0,9
4,1,2,2,1,2,1,1,1,2,0,1,2,0,0,1,0,0,0,0,0,0,0,0,0,0,0,0,0,0,0,0,0,0,0,9
2,1,1,2,0,2,2,0,0,2,0,1,1,1,0,0,0,0,0,0,0,0,0,0,0,0,0,0,0,0,0,0,0,0,2,10
3,0,2,0,1,2,3,1,1,1,1,1,2,1,0,1,0,0,0,0,0,0,0,0,0,0,0,0,0,1,1,1,0,0,0,10
2,0,1,0,0,0,0,0,0,0,0,1,1,1,0,0,0,0,0,0,0,0,0,0,0,0,0,0,0,0,0,0,0,0,0,10
4,1,2,1,0,3,0,1,0,2,0,1,1,0,0,1,1,0,0,0,0,0,0,0,0,0,0,0,0,0,0,0,1,0,1,10
3,0,2,1,1,1,1,1,0,1,0,1,1,1,0,1,0,0,0,0,0,0,0,0,0,0,0,0,0,1,1,1,1,0,1,10
3,1,1,0,0,2,0,0,0,2,0,1,2,1,0,0,0,0,0,0,0,0,0,0,0,0,0,0,0,0,0,0,0,0,1,10
3,0,1,1,1,2,3,0,0,1,1,1,1,1,0,1,0,0,0,0,0,0,0,0,0,0,0,0,0,1,1,1,1,0,0,10
3,1,2,1,0,0,2,1,0,2,0,1,1,1,0,1,0,0,0,0,0,0,0,0,0,0,0,0,0,0,0,0,1,0,1,10
4,0,1,1,1,1,3,0,0,1,0,1,1,1,0,1,0,0,0,0,0,0,0,0,0,0,0,0,0,1,1,1,1,0,0,10
5,1,1,1,0,2,0,0,1,2,0,1,1,1,0,1,0,0,0,0,0,0,0,0,0,0,0,0,0,0,0,0,0,0,1,10
6,0,2,0,1,2,2,0,0,0,0,0,0,2,2,0,0,0,1,1,0,3,0,0,0,0,0,1,1,1,0,1,0,0,0,11
6,0,2,0,0,2,2,0,1,1,0,1,2,0,0,0,0,0,1,0,0,3,0,0,0,0,0,1,1,1,0,1,0,0,0,11
4,0,2,1,1,1,1,0,1,2,0,0,0,2,2,0,0,0,0,0,0,3,0,0,0,0,0,0,0,1,0,1,0,0,0,11
4,0,2,1,1,0,0,0,0,1,0,1,2,0,0,0,0,0,0,1,0,3,0,0,0,0,0,0,0,1,0,1,0,0,0,11
4,0,2,0,0,0,0,0,0,2,0,1,2,0,0,0,0,0,0,0,0,3,0,0,0,0,0,0,0,1,0,1,0,0,0,11
6,0,2,2,0,2,2,0,0,1,0,1,2,0,0,0,0,0,1,0,0,3,0,0,0,0,0,1,1,1,0,1,0,0,0,11
3,0,2,0,1,0,0,0,0,1,0,0,0,2,2,0,0,0,0,1,0,3,0,0,0,0,0,0,0,1,0,1,0,0,0,11
3,0,2,1,1,3,3,0,1,1,0,0,0,2,2,0,0,0,0,0,0,3,0,0,0,0,0,0,0,1,0,1,0,0,0,11
5,0,2,1,0,1,1,0,0,0,0,1,2,0,0,0,0,0,1,0,0,3,0,0,0,0,0,1,1,1,0,1,0,0,0,11
4,0,2,1,0,0,0,0,1,1,0,0,0,2,2,0,0,0,1,0,0,3,0,0,0,0,0,0,0,1,0,1,0,0,0,11
5,1,2,1,0,3,3,1,1,0,0,0,0,2,2,0,0,0,1,0,3,2,0,0,0,0,0,1,2,0,0,0,0,0,0,12
5,1,2,2,1,2,2,0,1,2,0,1,0,2,2,0,0,0,1,0,3,1,1,1,0,0,0,1,2,1,1,1,0,1,0,12
6,0,2,1,0,1,1,1,1,1,0,0,0,2,2,0,0,0,1,0,3,2,1,0,0,0,0,1,2,1,1,0,1,1,0,12
2,1,2,2,1,0,0,1,0,0,1,1,0,2,2,0,0,0,1,0,2,1,0,1,0,0,0,0,0,0,0,0,0,0,0,12
3,0,2,1,0,3,3,1,0,0,1,1,0,2,2,0,0,0,1,0,3,2,1,1,0,0,0,1,2,1,1,1,0,0,0,12
4,1,2,2,1,2,2,1,0,1,1,1,0,2,2,0,0,0,1,0,3,1,1,1,0,0,0,1,2,0,0,0,0,0,0,12
6,0,2,1,0,2,2,1,0,1,0,0,0,2,2,0,0,0,1,0,3,2,1,0,0,0,0,1,2,1,1,0,1,1,0,12
1,0,2,1,0,1,1,1,1,1,1,1,0,2,2,0,0,0,1,0,2,2,0,1,0,0,0,0,0,1,0,1,0,0,0,12
6,1,2,1,0,2,2,1,1,1,0,0,0,2,2,0,0,0,1,0,3,2,1,0,0,0,0,1,2,1,1,0,1,1,0,12
5,0,2,1,0,1,1,1,2,2,1,1,0,2,2,0,0,0,1,0,3,2,1,1,0,0,0,1,2,1,1,1,0,0,0,12
5,1,2,2,1,3,3,0,1,2,1,1,0,2,2,0,0,0,1,1,3,2,1,1,0,0,0,1,2,0,0,0,0,0,0,12
0,0,2,1,0,3,3,1,1,2,1,1,0,2,2,0,0,0,1,0,2,2,0,1,0,0,0,0,0,1,1,0,1,0,0,12
6,0,2,1,0,2,2,0,0,0,1,1,0,2,2,0,0,0,1,0,3,1,1,1,0,0,0,1,2,1,0,1,1,1,0,12
5,1,2,1,0,1,1,1,0,1,0,0,0,2,2,0,0,0,1,0,3,2,0,0,0,0,0,1,2,1,1,0,1,1,0,12
5,0,2,1,0,2,2,1,0,2,0,0,0,2,2,0,0,0,1,0,3,2,1,0,0,0,0,1,2,0,0,0,0,0,0,12
6,1,2,2,1,0,0,1,0,1,0,1,0,2,2,0,0,0,1,0,3,1,1,1,0,0,0,1,2,0,0,0,0,0,0,12
5,0,2,1,0,1,1,1,0,0,0,0,0,2,2,0,0,0,1,0,3,2,1,0,0,0,0,1,2,1,1,0,1,1,0,12
6,1,2,2,1,3,3,0,2,1,0,1,0,2,2,0,0,0,1,1,3,2,1,1,0,0,0,1,2,0,0,0,0,0,0,12
5,1,2,1,0,3,3,1,0,1,0,0,0,2,2,0,0,0,1,0,3,2,0,0,0,0,0,1,2,1,1,0,1,1,0,12
5,1,2,1,0,2,2,1,1,1,0,0,0,2,2,0,0,0,1,0,3,2,0,0,0,0,0,1,2,1,1,0,1,1,0,12
3,1,1,1,0,0,2,0,0,2,0,1,2,0,1,0,0,0,0,0,0,0,0,0,0,0,0,0,0,0,0,0,0,0,0,13
3,0,0,1,1,0,2,0,0,1,0,1,2,0,1,0,1,0,0,0,0,0,0,0,0,0,0,0,0,0,0,0,0,0,0,13
3,1,1,1,0,0,0,0,0,0,0,1,2,0,1,0,0,0,0,0,0,0,0,0,0,0,0,0,0,0,0,0,0,0,0,13
3,0,0,1,1,2,0,0,0,0,0,1,2,0,1,0,0,0,0,0,0,0,0,0,0,0,0,0,0,0,0,0,0,0,0,13
3,1,1,2,0,3,2,0,1,1,0,1,2,0,1,1,1,0,0,0,0,0,0,0,0,0,0,0,0,0,0,0,0,0,0,13
2,0,0,1,1,0,3,0,2,2,0,1,2,0,1,0,0,0,0,0,0,0,0,0,0,0,0,0,0,0,0,0,0,0,0,13
1,0,0,2,1,3,2,1,1,1,0,1,2,0,1,1,1,0,0,0,0,0,0,0,0,0,0,0,0,0,0,0,0,0,0,13
2,1,1,1,0,2,2,1,1,1,0,1,2,0,1,0,1,0,0,0,0,0,0,0,0,0,0,0,0,0,0,0,0,0,0,13
2,0,0,2,1,3,0,1,1,0,1,1,2,0,1,1,0,0,0,0,0,0,0,0,0,0,0,0,0,0,0,0,0,0,0,13
2,1,1,2,0,3,3,0,2,2,0,1,2,0,1,1,0,0,0,0,0,0,0,0,0,0,0,0,0,0,0,0,0,0,0,13
4,1,2,1,0,1,1,1,1,2,0,1,2,0,1,0,0,0,0,0,0,0,0,0,0,0,0,0,0,0,0,0,0,0,0,14
4,0,1,1,0,3,3,1,0,1,0,1,2,0,1,0,0,0,0,0,0,0,0,0,0,0,0,0,0,0,0,0,0,0,0,14
3,0,2,1,0,0,0,1,0,1,0,1,2,0,1,0,0,0,0,0,0,0,0,0,0,0,0,0,0,0,0,0,0,0,0,14
6,0,2,2,0,3,3,0,1,1,0,1,2,0,1,0,0,0,0,0,0,0,0,0,0,0,0,0,0,0,0,0,0,0,0,14
6,0,1,1,1,2,2,0,2,2,0,1,2,0,1,0,0,0,0,0,0,0,0,0,0,0,0,0,0,1,0,1,0,0,0,14
5,0,2,2,0,3,3,1,0,1,0,1,2,0,1,0,0,0,0,0,0,0,0,0,0,0,0,0,0,0,0,0,0,0,0,14
6,0,1,1,0,3,3,0,1,1,0,1,2,0,1,0,0,0,0,0,0,0,0,0,0,0,0,0,0,0,0,0,0,0,0,14
5,1,2,2,0,3,1,0,0,2,0,1,2,0,1,0,0,0,0,0,0,0,0,0,0,0,0,0,0,0,0,0,0,0,0,14
6,0,2,2,0,3,3,0,1,1,0,1,2,0,1,0,0,0,0,0,0,0,0,0,0,0,0,0,0,0,0,0,0,0,0,14
6,0,2,2,0,3,2,1,1,0,0,1,2,0,1,0,0,0,0,0,0,0,0,0,0,0,0,0,0,0,0,0,0,0,0,14
5,0,2,2,0,2,3,0,0,1,0,1,2,0,1,0,0,0,0,0,0,0,0,0,0,0,0,0,0,0,0,0,0,0,0,14
4,1,2,1,0,3,0,1,1,2,0,1,2,0,1,0,0,0,0,0,0,0,0,0,0,0,0,0,0,0,0,0,0,0,0,14
6,0,2,1,0,1,1,0,1,0,0,1,2,0,1,1,0,0,0,0,0,0,0,0,0,0,0,0,0,0,0,0,0,0,0,14
5,0,2,2,0,2,2,1,0,0,0,1,2,0,1,0,0,0,0,0,0,0,0,0,0,0,0,0,0,0,0,0,0,0,0,14
5,1,2,1,0,0,0,0,0,2,0,1,2,0,1,0,0,0,0,0,0,0,0,0,0,0,0,0,0,0,0,0,0,0,0,14
4,0,2,1,0,2,2,0,0,1,0,1,2,0,1,0,0,0,0,0,0,0,0,0,0,0,0,0,0,0,0,0,0,0,0,14
4,0,2,1,0,1,1,1,1,1,0,1,2,0,1,1,0,0,0,0,0,0,0,0,0,0,0,0,0,0,0,0,0,0,0,14
5,0,2,1,0,2,1,0,0,0,0,1,2,0,1,0,0,0,0,0,0,0,0,0,0,0,0,0,0,0,0,0,0,0,0,14
6,0,2,2,0,3,2,0,1,0,0,1,2,0,1,0,0,0,0,0,0,0,0,0,0,0,0,0,0,0,0,0,0,0,0,14
6,1,2,2,0,1,1,0,1,2,0,1,2,0,1,0,0,0,0,0,0,0,0,0,0,0,0,0,0,0,0,0,0,0,0,14
5,1,2,2,0,3,1,1,0,2,0,1,2,0,1,0,0,0,0,0,0,0,0,0,0,0,0,0,0,0,0,0,0,0,0,14
5,1,2,2,0,3,3,1,1,1,0,1,2,0,1,0,0,0,0,0,0,0,0,0,0,0,0,0,0,0,0,0,0,0,0,14
4,1,2,1,0,2,1,0,0,2,0,1,2,0,1,1,0,0,0,0,0,0,0,0,0,0,0,0,0,0,0,0,0,0,0,14
6,1,1,2,0,2,2,0,2,0,0,1,2,0,1,0,0,0,0,0,0,0,0,0,0,0,0,0,0,1,0,1,0,0,0,14
4,1,2,1,0,1,2,1,1,2,0,1,2,0,1,0,0,0,0,0,0,0,0,0,0,0,0,0,0,0,0,0,0,0,0,14
6,1,2,2,0,2,1,0,1,2,0,1,2,0,1,0,0,0,0,0,0,0,0,0,0,0,0,0,0,0,0,0,0,0,0,14
4,1,2,1,0,0,3,0,0,2,0,1,2,0,1,0,0,0,0,0,0,0,0,0,0,0,0,0,0,0,0,0,0,0,0,14
4,0,2,2,0,3,3,1,0,0,0,1,2,0,1,0,0,0,0,0,0,0,0,0,0,0,0,0,0,0,0,0,0,0,0,14
5,0,2,2,0,2,3,1,0,1,0,1,2,0,1,0,0,0,0,0,0,0,0,0,0,0,0,0,0,0,0,0,0,0,0,14
3,0,2,1,0,0,0,1,0,0,0,1,2,0,1,0,0,0,0,0,0,0,0,0,0,0,0,0,0,0,0,0,0,0,0,14
5,0,2,1,0,1,2,0,1,0,0,1,2,0,1,1,0,0,0,0,0,0,0,0,0,0,0,0,0,0,0,0,0,0,0,14
5,0,2,2,0,1,1,0,1,1,0,1,2,0,1,0,0,0,0,0,0,0,0,0,0,0,0,0,0,0,0,0,0,0,0,14
4,0,2,2,0,1,1,1,0,2,0,1,2,0,1,0,0,0,0,0,0,0,0,0,0,0,0,0,0,0,0,0,0,0,0,14
5,1,2,1,0,3,3,0,1,2,0,1,2,0,1,1,0,0,0,0,0,0,0,0,0,0,0,0,0,0,0,0,0,0,0,14
6,0,2,1,0,2,1,0,0,1,0,1,2,0,1,1,0,0,0,0,0,0,0,0,0,0,0,0,0,0,0,0,0,0,0,14
5,0,2,1,0,0,3,0,0,0,0,1,2,0,1,0,0,0,0,0,0,0,0,0,0,0,0,0,0,0,0,0,0,0,0,14
6,0,2,1,0,0,3,0,0,1,0,1,2,0,1,0,0,0,0,0,0,0,0,0,0,0,0,0,0,0,0,0,0,0,0,14
5,1,2,2,0,2,1,1,0,2,0,1,2,0,1,0,0,0,0,0,0,0,0,0,0,0,0,0,0,0,0,0,0,0,0,14
5,0,2,1,0,3,0,0,1,0,0,1,2,0,1,1,0,0,0,0,0,0,0,0,0,0,0,0,0,0,0,0,0,0,0,14
6,0,2,1,0,1,2,0,1,1,0,1,2,0,1,1,0,0,0,0,0,0,0,0,0,0,0,0,0,0,0,0,0,0,0,14
6,0,1,2,0,3,3,0,0,0,0,1,2,0,1,0,0,0,1,0,3,2,1,1,0,0,0,1,2,1,0,0,0,0,0,15
4,0,1,2,0,1,1,0,1,1,0,1,2,0,1,0,0,0,0,0,0,0,0,0,0,0,0,0,0,0,0,0,0,0,0,15
5,0,1,1,0,2,1,0,0,0,0,1,2,0,1,0,0,0,1,0,3,1,0,1,0,0,0,0,0,0,0,0,0,0,0,15
5,1,2,1,0,3,2,0,0,2,0,1,2,0,1,0,0,0,0,0,0,0,0,0,0,0,0,0,0,0,0,0,0,0,0,15
6,1,2,2,0,3,3,0,1,2,0,1,2,0,1,0,0,0,1,0,3,2,0,1,0,0,0,1,1,0,0,0,0,0,0,15
4,0,1,1,0,3,3,1,1,0,0,1,2,0,1,0,0,0,0,0,0,0,0,0,0,0,0,0,0,0,0,0,0,0,0,15
3,0,2,1,0,2,3,0,1,1,0,1,2,0,1,0,0,0,1,0,3,2,0,1,0,0,0,1,1,0,0,0,0,0,0,15
5,0,2,2,0,2,2,0,0,1,0,1,2,0,1,0,0,0,1,0,3,2,0,1,0,0,0,1,1,0,0,0,0,0,0,15
5,0,2,1,0,1,1,1,1,0,0,1,2,0,1,0,0,0,0,0,0,0,0,0,0,0,0,0,0,0,0,0,0,0,0,15
5,0,2,2,0,2,3,0,1,1,0,1,2,0,1,0,0,0,1,0,3,2,0,1,0,0,0,1,1,0,0,0,0,0,0,15
5,0,2,1,0,0,1,0,1,1,0,1,2,0,1,0,0,0,1,0,3,2,0,1,0,0,0,1,1,0,0,0,0,0,0,15
4,0,2,1,0,2,3,0,1,0,0,1,2,0,1,0,0,0,0,0,0,0,0,0,0,0,0,0,0,0,0,0,0,0,0,15
4,0,2,2,0,1,1,1,1,0,0,1,2,0,1,0,0,0,1,0,3,2,0,1,0,0,0,1,1,0,0,0,0,0,0,15
4,0,2,1,0,2,1,1,1,1,0,1,2,0,1,0,0,0,1,0,3,1,0,1,0,0,0,1,1,0,0,0,0,0,0,15
3,1,2,1,0,3,2,1,0,2,0,1,2,0,1,0,0,0,1,0,3,2,0,1,0,0,0,1,1,0,0,0,0,0,0,15
5,0,2,1,0,3,0,1,0,1,0,1,2,0,1,0,0,0,1,0,3,1,0,1,0,0,0,1,1,0,0,0,0,0,0,15
5,0,2,2,0,1,1,0,1,0,0,1,2,0,1,0,0,0,1,0,3,2,0,1,0,0,0,1,1,0,0,0,0,0,0,15
4,0,2,2,0,1,2,1,0,0,0,1,2,0,1,0,0,0,1,0,3,2,0,1,0,0,0,1,1,0,0,0,0,0,0,15
5,0,2,2,0,2,1,0,1,1,0,1,2,0,1,0,0,0,1,0,3,2,0,1,0,0,0,1,1,0,0,0,0,0,0,15
5,0,2,1,0,3,0,1,0,0,0,1,2,0,1,0,0,0,1,0,3,1,0,1,0,0,0,1,1,0,0,0,0,0,0,15
3,0,2,1,0,1,2,1,0,1,0,1,2,0,1,0,0,0,0,0,0,0,0,0,0,0,0,0,0,0,0,0,0,0,0,15
6,0,1,2,0,3,3,0,1,0,0,1,2,0,1,0,0,0,1,0,3,2,1,0,0,0,0,1,2,1,0,1,1,1,0,15
5,0,1,1,0,1,3,1,2,0,0,1,2,0,1,0,0,0,1,0,3,0,1,0,0,0,0,1,1,0,0,0,0,0,0,15
5,0,2,1,0,3,2,1,0,0,0,1,2,0,1,0,0,0,1,0,3,1,0,1,0,0,0,1,1,0,0,0,0,0,0,15
5,1,2,1,0,3,3,0,1,2,0,1,2,0,1,0,0,0,0,0,0,0,0,0,0,0,0,0,0,0,0,0,0,0,0,15
3,1,2,1,0,3,0,1,0,2,0,1,2,0,1,0,0,0,0,0,0,0,0,0,0,0,0,0,0,0,0,0,0,0,0,15
6,1,2,2,0,3,1,0,1,2,0,1,2,0,1,0,0,0,1,0,3,2,0,1,0,0,0,1,1,0,0,0,0,0,0,15
4,0,2,1,0,1,2,1,0,1,0,1,2,0,1,0,0,0,0,0,0,0,0,0,0,0,0,0,0,0,0,0,0,0,0,15
4,0,2,2,0,1,0,1,0,0,0,1,2,0,1,0,0,0,1,0,3,2,0,1,0,0,0,1,1,0,0,0,0,0,0,15
6,1,2,2,0,3,0,0,0,2,0,1,2,0,1,0,0,0,1,0,3,2,0,1,0,0,0,1,1,0,0,0,0,0,0,15
5,1,2,2,0,3,3,0,1,2,0,1,2,0,1,0,0,0,1,0,3,2,0,1,0,0,0,1,1,0,0,0,0,0,0,15
4,0,2,1,0,0,1,1,1,0,0,1,2,0,1,0,0,0,0,0,0,0,0,0,0,0,0,0,0,0,0,0,0,0,0,15
4,0,2,1,0,2,3,1,1,1,0,1,2,0,1,0,0,0,1,0,3,1,0,1,0,0,0,1,1,0,0,0,0,0,0,15
4,1,1,2,0,1,1,0,2,2,1,1,2,0,1,0,0,0,0,0,0,0,0,0,0,0,0,0,0,0,0,0,0,0,0,15
4,0,2,1,0,2,0,0,0,1,0,1,2,0,1,0,0,0,0,0,0,0,0,0,0,0,0,0,0,0,0,0,0,0,0,15
5,1,2,1,0,1,2,1,0,2,0,1,2,0,1,0,0,0,0,0,0,0,0,0,0,0,0,0,0,0,0,0,0,0,0,15
4,0,2,2,0,1,3,1,1,0,0,1,2,0,1,0,0,0,1,0,3,2,0,1,0,0,0,1,1,0,0,0,0,0,0,15
5,0,2,1,0,1,2,0,0,0,0,1,2,0,1,0,0,0,1,0,3,2,0,1,0,0,0,1,1,0,0,0,0,0,0,15
5,0,2,2,0,2,0,0,0,1,0,1,2,0,1,0,0,0,1,0,3,2,0,1,0,0,0,1,1,0,0,0,0,0,0,15
5,1,2,1,0,2,3,0,1,2,0,1,2,0,1,0,0,0,1,0,3,2,0,1,0,0,0,1,1,0,0,0,0,0,0,15
